title,price,salePercentage,recentReviews,allReviews
100 Ninja Cats,,,,
And the Hero Was Never Seen Again,,,,
Tycoon Collection,,,,
Arzette: The Jewel of Faramore,,,,
Atomic Heart,$29.99,-50%,Mostly Positive,Mostly Positive
Banishers: Ghosts of New Eden,$49.99,,,
Bendy and the Dark Revival,$5.99,-80%,Very Positive,Very Positive
Bendy and the Dark Revival,$5.99,-80%,Very Positive,Very Positive
BlazBlue,$17.15,-22%,Mostly Positive,Mostly Positive
Boxes: Lost Fragments,$13.49,-10%,Very Positive,Very Positive
CARRION,$5.99,-70%,Very Positive,Very Positive
CARRION,$5.99,-70%,Very Positive,Very Positive
Cats Hidden in Georgia,,,,
CLeM,,,,
Colonize,,,,
Crisis Core: Final Fantasy VII Reunion,$29.99,-40%,Very Positive,Very Positive
Days Gone,$12.49,-75%,Very Positive,Very Positive
Dead by Daylight,$7.99,-60%,Very Positive,Very Positive
Dead by Daylight,$7.99,-60%,Very Positive,Very Positive
Dead Space,$23.99,-60%,Very Positive,Very Positive
Deep Rock Galactic,,,,
Destiny 2,$14.99,-75%,Mostly Positive,Mostly Positive
Destiny 2: Lightfall + Annual Pass,$33.00,-67%,Mostly Negative,Mostly Negative
Dragon Quest XI: Echoes of an Elusive Age,$23.99,-40%,Very Positive,Very Positive
Dragon Quest XI: Echoes of an Elusive Age,$23.99,-40%,Very Positive,Very Positive
Fallout 76,$9.99,-75%,Mostly Positive,Mostly Positive
Fight Crab,,,,
Final Fantasy VII Remake Intergrade,$34.99,-50%,Very Positive,Very Positive
Final Fantasy VII Remake Intergrade,$34.99,-50%,Very Positive,Very Positive
Final Fantasy X / X-2 HD Remaster,$11.99,-60%,Very Positive,Very Positive
Final Fantasy XII: The Zodiac Age,$19.99,-60%,Very Positive,Very Positive
Final Fantasy XV: Windows Edition,$13.99,-60%,Very Positive,Very Positive
"Flashing Lights - Police, Firefighting, Emergency Services (EMS) Simulator",$8.49,-66%,Very Positive,Very Positive
"Flashing Lights - Police, Firefighting, Emergency Services (EMS) Simulator",$8.49,-66%,Very Positive,Very Positive
Goat Simulator,,,,
God of War,$24.99,-50%,Overwhelmingly Positive,Overwhelmingly Positive
Grounded,$26.79,-33%,Very Positive,Very Positive
Gunvolt Records Cychronicle,,,,
Halo Infinite,$23.99,-60%,Mostly Positive,Mostly Positive
Halo Infinite (Campaign),$23.99,-60%,Mixed,Mixed
Headbangers: Rhythm Royale,$13.39,-33%,Very Positive,Very Positive
Hell Let Loose,$42.24,-35%,Very Positive,Very Positive
HELLCARD,$15.79,-21%,Very Positive,Very Positive
Helldivers 2,$59.99,,,
Helskate,,,,
Hogwarts Legacy,$35.99,-40%,Very Positive,Very Positive
Hogwarts Legacy,$35.99,-40%,Very Positive,Very Positive
Islands of Insight,,,,
KONOSUBA - God's Blessing on this Wonderful World! Love For These Clothes Of Desire!,,,,
Last Train Home,$26.39,-34%,Very Positive,Very Positive
LEGO Star Wars: The Complete Saga,$4.99,-75%,Overwhelmingly Positive,Overwhelmingly Positive
Level Unknown: Backrooms,,,,
Lords of Exile,,,,
Lysfanga: The Time Shift Warrior,,,,
Marvel’s Spider-Man Remastered,$35.99,-40%,Very Positive,Very Positive
Marvel’s Spider-Man: Miles Morales,$29.99,-40%,Very Positive,Very Positive
Moonbreaker,$22.49,-25%,Very Positive,Very Positive
News Tower,,,,
Ori and the Will of the Wisps,$9.89,-67%,Overwhelmingly Positive,Overwhelmingly Positive
Ori and the Will of the Wisps,$9.89,-67%,Overwhelmingly Positive,Overwhelmingly Positive
Overcooked! 2,$6.24,-75%,Very Positive,Very Positive
Poppy Playtime - Chapter 3,$9.89,-34%,Very Positive,Very Positive
Ratchet & Clank: Rift Apart,$40.19,-33%,Very Positive,Very Positive
Ready or Not,$37.49,-25%,Mostly Positive,Mostly Positive
Ready or Not,$37.49,-25%,Mostly Positive,Mostly Positive
Returnal,$40.19,-33%,Very Positive,Very Positive
Shanghai Summer,,,,
Solium Infernum,,,,
SpellRogue,,,,
Star Wars Battlefront II,$3.49,-65%,Very Positive,Very Positive
Star Wars: The Force Unleashed - Ultimate Sith Edition,$6.99,-65%,Very Positive,Very Positive
Star Wars: Empire at War - Gold Pack,$6.99,-65%,Overwhelmingly Positive,Overwhelmingly Positive
Stranger of Paradise: Final Fantasy Origin,$23.99,-40%,Very Positive,Very Positive
The Elder Scrolls V: Skyrim Special Edition,$9.99,-75%,Very Positive,Very Positive
Nicolas Eymerich - The Inquisitor,,,,
Thronefall,$5.24,-25%,Overwhelmingly Positive,Overwhelmingly Positive
Thronefall,$5.24,-25%,Overwhelmingly Positive,Overwhelmingly Positive
Thymesia,$14.99,-40%,Very Positive,Very Positive
Thymesia,$14.99,-40%,Very Positive,Very Positive
Tomb Raider I-III Remastered,$26.99,-10%,,
Touhou Danmaku Kagura Phantasia Lost,,,,
ULTROS,$22.49,-10%,,
Uncharted: Legacy of Thieves Collection,$24.99,-50%,Very Positive,Very Positive
Undying,$13.99,-30%,Mostly Positive,Mostly Positive
Vampire: The Masquerade - Bloodlines 2,,,,
WitchHand,,,,
